zone_id,estimated_alpha,target_alpha
1,365.72412109375,350
2,448.52294921875,430
3,0.008248789235949516,0
4,414.4630126953125,385
5,0.007577674929052591,0
6,0.0,0
7,0.0,0
8,0.0,0
9,0.0,0
