zone_id,node_id,estimated_alpha,target_alpha
1,1,0.0,0.0
2,2,80.00008,80.0
3,3,69.99992,70.0
4,4,89.99992,90.0
5,5,0.0,0.0
6,6,69.99992,70.0
7,7,50.00004,50.0
8,8,29.999937,30.0
9,9,50.00004,50.0
10,10,59.99996,60.0
11,11,100.00008,100.0
12,12,59.99996,60.0
13,13,59.99996,60.0
14,14,89.99992,90.0
15,15,69.99992,70.0
16,16,90.00008,90.0
17,17,49.99996,50.0
18,18,79.99992,80.0
19,19,59.99996,60.0
20,20,29.99998,30.0
21,21,19.99998,20.0
22,22,39.99996,40.0
23,23,49.99996,50.0
24,24,19.99998,20.0
