zone_id,estimated_alpha,target_alpha
1,0.0,0.0
2,80.00008,80.0
3,69.99992,70.0
4,89.99992,90.0
5,0.0,0.0
6,70.00008,70.0
7,49.99996,50.0
8,29.999937,30.0
9,49.99996,50.0
10,60.00004,60.0
11,99.99992,100.0
12,59.99996,60.0
13,59.99996,60.0
14,90.00008,90.0
15,69.99992,70.0
16,89.99992,90.0
17,49.99996,50.0
18,80.00008,80.0
19,59.99996,60.0
20,29.99998,30.0
21,19.99998,20.0
22,40.00004,40.0
23,49.99997,50.0
24,19.99998,20.0
