from_zone_id,to_zone_id,estimated_gamma,target_gamma
1,6,0.35921913385391235,0.2857142857142857
1,8,0.46583613753318787,0.37142857142857144
1,9,0.472616970539093,0.34285714285714286
2,6,0.2790714204311371,0.27906976744186046
2,8,0.3953501880168915,0.3953488372093023
2,9,0.32558366656303406,0.32558139534883723
4,6,0.28571510314941406,0.2857142857142857
4,8,0.44156110286712646,0.44155844155844154
4,9,0.2727285921573639,0.2727272727272727
